Time [s],TagID,x [m],y[m]
0,A,1.1035579203964399,0.9053344817056055
0,A,7.594665518294394,7.396442079603561
0.1,A,1.0248751988245708,1.0514622108359497
0.1,A,7.51853778916405,7.475124801175429
0.2,A,0.9043198654314899,1.2627397673486052
0.2,A,7.377260232651396,7.59568013456851
0.3,A,0.9543702586636572,1.2315664464047544
0.3,A,7.478433553595246,7.5456297413363425
0.4,A,1.0002093288289575,1.2789158621917414
0.4,A,7.501084137808259,7.499790671171042
0.5,A,0.9317050700793202,1.4382132050228864
0.5,A,7.411786794977114,7.56829492992068
0.6,A,1.0319164111902928,1.403248609511694
0.6,A,7.516751390488306,7.468083588809707
0.7,A,0.9931451244287776,1.4765105866201733
0.7,A,7.513489413379827,7.506854875571222
0.8,A,1.0216288690177264,1.5200640172561002
0.8,A,7.5399359827439,7.478371130982273
0.9,A,1.056114117787103,1.584723070671926
0.9,A,7.545276929328074,7.443885882212897
1.0,A,0.9755747993381396,1.7923597306194123
1.0,A,7.407640269380589,7.52442520066186
1.1,A,1.0311786812262296,1.7314366534152699
1.1,A,7.538563346584731,7.46882131877377
1.2,A,1.0504151806972406,1.8293865824806452
1.2,A,7.510613417519355,7.449584819302759
1.3,A,1.0417823458289772,1.8610067591113415
1.3,A,7.5489932408886595,7.458217654171023
1.4,A,1.0369303744334728,1.8757560576078462
1.4,A,7.604243942392154,7.463069625566527
1.5,A,0.9539218329073454,2.122626745197383
1.5,A,7.427373254802618,7.546078167092655
1.6,A,0.9569184374725577,2.203431528415339
1.6,A,7.416568471584661,7.543081562527442
1.7,A,0.9290398095740421,2.185308442116857
1.7,A,7.504691557883144,7.570960190425958
1.8,A,1.0491164737835834,2.1657796329949615
1.8,A,7.594220367005039,7.450883526216416
1.9,A,0.9195210571348622,2.3790362333234527
1.9,A,7.450963766676548,7.580478942865138
2.0,A,0.9741051221394669,2.3857654244234703
2.0,A,7.51423457557653,7.525894877860533
2.1,A,0.8962695463975522,2.6091506006917795
2.1,A,7.36084939930822,7.603730453602449
2.2,A,0.9399925402113636,2.550543339648858
2.2,A,7.489456660351141,7.560007459788636
2.3,A,1.0408737196122806,2.5852484788993153
2.3,A,7.524751521100685,7.45912628038772
2.4,A,0.9531171822305227,2.7295571398776373
2.4,A,7.450442860122362,7.546882817769477
2.5,A,1.031398257343584,2.7487208327783623
2.5,A,7.501279167221638,7.468601742656416
2.6,A,0.9549377771539335,2.8369865436234245
2.6,A,7.4830134563765744,7.545062222846066
2.7,A,0.9551291007917422,2.9110065345855407
2.7,A,7.478993465414458,7.544870899208258
2.8,A,1.0404842832311658,2.9568062909611097
2.8,A,7.503193709038889,7.459515716768834
2.9,A,0.9926401999550929,3.102084208961534
2.9,A,7.4279157910384646,7.507359800044907
3.0,A,0.9795473622468286,3.122477381014256
3.0,A,7.477522618985742,7.520452637753171
3.1,A,1.076160577103382,3.127208691459286
3.1,A,7.542791308540712,7.423839422896618
3.2,A,0.9344606483379878,3.2681306276638535
3.2,A,7.471869372336145,7.565539351662012
3.3,A,0.9506791942559095,3.3324774039688347
3.3,A,7.477522596031163,7.54932080574409
3.4,A,0.8799713503030442,3.513462850477331
3.4,A,7.366537149522666,7.620028649696956
3.5,A,0.88285734753147,3.5898460178906855
3.5,A,7.360153982109312,7.61714265246853
3.6,A,0.9774374044312413,3.4855979757126043
3.6,A,7.534402024287393,7.5225625955687585
3.7,A,1.0212368138421588,3.5770029165065305
3.7,A,7.512997083493467,7.478763186157842
3.8,A,1.0449063081681775,3.6058502203038016
3.8,A,7.554149779696195,7.455093691831823
3.9,A,0.9387849011403111,3.818241151200169
3.9,A,7.411758848799828,7.561215098859689
4.0,A,1.0495713715352497,3.7516840337462027
4.0,A,7.548315966253793,7.45042862846475
4.1,A,0.985855863451797,3.8440625765991703
4.1,A,7.525937423400827,7.514144136548203
4.2,A,1.0936274984867513,3.907000157161528
4.2,A,7.532999842838469,7.406372501513249
4.3,A,1.0774806438526376,3.959285606922733
4.3,A,7.550714393077263,7.422519356147363
4.4,A,1.0261030595409868,4.056517441552569
4.4,A,7.523482558447427,7.473896940459013
4.5,A,1.0292011598905675,4.15062318798736
4.5,A,7.4993768120126365,7.470798840109433
4.6,A,1.0511945188291205,4.164362033841538
4.6,A,7.555637966158459,7.448805481170879
4.7,A,0.9874455837741167,4.310085729132303
4.7,A,7.4799142708676944,7.512554416225883
4.8,A,1.0850215590768273,4.294107233921245
4.8,A,7.565892766078752,7.414978440923173
4.9,A,1.0569737287087295,4.39096974688562
4.9,A,7.539030253114378,7.44302627129127
5.0,A,1.0077392293972305,4.406636101812687
5.0,A,7.593363898187311,7.492260770602769
5.1,A,0.964201007613977,4.615052896734533
5.1,A,7.454947103265465,7.535798992386023
5.2,A,0.9706653187468026,4.651467750189131
5.2,A,7.488532249810868,7.529334681253198
5.3,A,1.0178735517005226,4.6718159747732075
5.3,A,7.5381840252267915,7.482126448299478
5.4,A,1.1102707384032897,4.62377885800572
5.4,A,7.656221141994279,7.3897292615967105
5.5,A,1.078011156443909,4.775913321121418
5.5,A,7.574086678878581,7.4219888435560915
5.6,A,0.95757367468822,4.917209320251084
5.6,A,7.502790679748916,7.54242632531178
5.7,A,1.0964571761327964,4.930372720678372
5.7,A,7.559627279321628,7.403542823867204
5.8,A,0.9252635503264307,5.142077823056702
5.8,A,7.417922176943298,7.574736449673569
5.9,A,1.041701740059428,5.084301589240107
5.9,A,7.5456984107598934,7.458298259940571
6.0,A,0.9336972784766736,5.242660317589771
6.0,A,7.45733968241023,7.566302721523326
6.1,A,0.9057201722805018,5.3489941952802615
6.1,A,7.42100580471974,7.594279827719498
6.2,A,1.0623419156793292,5.18849559900682
6.2,A,7.651504400993182,7.437658084320671
6.3,A,0.952711375390914,5.391710423982861
6.3,A,7.518289576017141,7.547288624609086
6.4,A,1.038068343504996,5.463340025610842
6.4,A,7.51665997438916,7.461931656495004
6.5,A,1.0343531407298188,5.490468871297698
6.5,A,7.559531128702305,7.465646859270181
6.6,A,1.0389815228570545,5.567697325899974
6.6,A,7.552302674100029,7.461018477142946
6.7,A,0.9768521692539387,5.715216512081884
6.7,A,7.474783487918119,7.523147830746062
6.8,A,0.9377396345416019,5.8240234005041565
6.8,A,7.435976599495847,7.562260365458398
6.9,A,1.031296527765346,5.850313452704883
6.9,A,7.47968654729512,7.468703472234655
7.0,A,0.898038430790118,5.941483824731442
7.0,A,7.458516175268562,7.601961569209882
7.1,A,1.0403414588782036,5.981570728856506
7.1,A,7.488429271143498,7.459658541121796
7.2,A,1.035567507662173,5.964617802646143
7.2,A,7.5753821973538615,7.464432492337827
7.3,A,0.9924861634592602,6.12909906130891
7.3,A,7.480900938691095,7.50751383654074
7.4,A,0.9090632517630679,6.223173465264913
7.4,A,7.456826534735092,7.590936748236932
7.5,A,0.9955441444128561,6.2314781337632095
7.5,A,7.518521866236796,7.504455855587144
7.6,A,1.0170447021869262,6.30114380371299
7.6,A,7.5188561962870155,7.482955297813073
7.7,A,1.0397676985962825,6.404686843783292
7.7,A,7.485313156216714,7.4602323014037175
7.8,A,1.0417004702404276,6.495234840966483
7.8,A,7.464765159033523,7.458299529759572
7.9,A,1.0159007466016043,6.527735737560988
7.9,A,7.502264262439018,7.484099253398396
8.0,A,1.0416781493622551,6.575690207206031
8.0,A,7.524309792793976,7.458321850637744
8.1,A,0.9604092103369353,6.745321633038566
8.1,A,7.424678366961441,7.539590789663064
8.2,A,0.981491357107644,6.753342762273598
8.2,A,7.486657237726409,7.518508642892356
8.3,A,0.9747781345986778,6.850885886469385
8.3,A,7.459114113530623,7.525221865401322
8.4,A,1.0375503521523304,6.816202119355863
8.4,A,7.563797880644145,7.46244964784767
8.5,A,1.0240791034755083,6.892184983957093
8.5,A,7.557815016042915,7.475920896524491
8.6,A,0.9481743813111476,7.058238312879231
8.6,A,7.461761687120777,7.551825618688852
8.7,A,0.912024028083651,7.137953226985746
8.7,A,7.4520467730142625,7.587975971916349
8.8,A,1.0232672868474102,7.184255906878626
8.8,A,7.475744093121383,7.47673271315259
8.9,A,0.9621818517968225,7.268852650551582
8.9,A,7.461147349448427,7.537818148203178
9.0,A,0.9870115973306252,7.313906962475893
9.0,A,7.486093037524117,7.512988402669374
9.1,A,0.9794089118625672,7.377201971255337
9.1,A,7.492798028744673,7.520591088137433
9.2,A,1.02992297159166,7.400785726702266
9.2,A,7.539214273297744,7.4700770284083395
9.3,A,1.0513096924461431,7.462474933565028
9.3,A,7.547525066434982,7.448690307553857
9.4,A,0.8975860721617301,7.599860905014949
9.4,A,7.480139094985062,7.60241392783827
9.5,A,0.9926724195369927,7.708607213804612
9.5,A,7.441392786195399,7.5073275804630075
9.6,A,1.0833494130792005,7.681927046200603
9.6,A,7.538072953799408,7.4166505869208
9.7,A,0.958827813881929,7.81558263699753
9.7,A,7.474417363002481,7.541172186118071
9.8,A,0.9618343989576065,7.872313185119843
9.8,A,7.487686814880169,7.538165601042394
9.9,A,0.944983197135275,8.049810310457142
9.9,A,7.380189689542871,7.555016802864725
10.0,A,1.0371975956153212,7.996706501800612
10.0,A,7.503293498199399,7.462802404384679
10.1,A,1.0950297681157992,7.991300494141834
10.1,A,7.508699505858179,7.474970231884201
10.2,A,1.1337457922070726,7.961390549037014
10.2,A,7.538609450962999,7.506254207792927
10.3,A,1.289666065525492,7.944150722397923
10.3,A,7.555849277602088,7.420333934474509
10.4,A,1.2550005220600566,8.010248555543555
10.4,A,7.4897514444564575,7.524999477939943
10.5,A,1.3825714793675323,7.97139153728282
10.5,A,7.528608462717192,7.467428520632468
10.6,A,1.4592350834509058,7.981969599845986
10.6,A,7.518030400154028,7.460764916549095
10.7,A,1.5122270371154414,7.904500407289784
10.7,A,7.595499592710229,7.477772962884559
10.8,A,1.5798496222042104,7.9974403061056
10.8,A,7.502559693894413,7.48015037779579
10.9,A,1.6060407685740177,7.985038937188139
10.9,A,7.5149610628118735,7.523959231425983
11.0,A,1.6217569502628078,8.132105463467584
11.0,A,7.367894536532427,7.578243049737193
11.1,A,1.725350092143931,7.939376299828772
11.1,A,7.560623700171241,7.54464990785607
11.2,A,1.801098757306867,7.9611324475192635
11.2,A,7.538867552480749,7.538901242693134
11.3,A,1.8912940164368013,7.971345481173687
11.3,A,7.528654518826325,7.5187059835631995
11.4,A,2.111010087333239,7.865918987503458
11.4,A,7.634081012496554,7.368989912666762
11.5,A,2.0032873736790413,8.05624436445793
11.5,A,7.443755635542082,7.546712626320959
11.6,A,2.0495676793303708,8.047476917140077
11.6,A,7.452523082859935,7.57043232066963
11.7,A,2.179361551736235,8.015433234037461
11.7,A,7.484566765962549,7.510638448263766
11.8,A,2.3633445189803974,7.927553940896833
11.8,A,7.5724460591031795,7.396655481019603
11.9,A,2.2785580571053408,8.002361842559514
11.9,A,7.497638157440498,7.551441942894659
12.0,A,2.365429588733186,7.947415002131362
12.0,A,7.55258499786865,7.534570411266814
12.1,A,2.47809941991928,8.003112817051553
12.1,A,7.496887182948458,7.49190058008072
12.2,A,2.6920917440681404,7.826054751125437
12.2,A,7.673945248874576,7.347908255931859
12.3,A,2.5815943891534383,7.970761201797594
12.3,A,7.529238798202418,7.528405610846561
12.4,A,2.699943975004484,8.002239146837894
12.4,A,7.497760853162117,7.480056024995515
12.5,A,2.70744355231287,8.019364206816652
12.5,A,7.48063579318336,7.542556447687129
12.6,A,2.84404062896551,8.000686440634537
12.6,A,7.4993135593654765,7.475959371034489
12.7,A,2.786261013453385,8.057462784941228
12.7,A,7.442537215058784,7.603738986546614
12.8,A,2.949280922734285,8.00212086948158
12.8,A,7.497879130518433,7.510719077265714
12.9,A,2.9109463924793433,8.107877700313544
12.9,A,7.392122299686468,7.619053607520655
13.0,A,3.141271374241076,7.999922249430712
13.0,A,7.5000777505693,7.458728625758923
13.1,A,3.2011701327729716,7.942365208534879
13.1,A,7.557634791465134,7.4688298672270275
13.2,A,3.082530047100988,8.102115398324033
13.2,A,7.3978846016759805,7.657469952899009
13.3,A,3.254864517706413,7.995997148206526
13.3,A,7.504002851793486,7.5551354822935854
13.4,A,3.376256577071338,7.993469802948556
13.4,A,7.506530197051457,7.50374342292866
13.5,A,3.4483435459920084,8.031039422824636
13.5,A,7.468960577175376,7.501656454007988
13.6,A,3.6212770925469067,7.904936483876469
13.6,A,7.5950635161235445,7.398722907453091
13.7,A,3.625121902952748,7.97027683889021
13.7,A,7.529723161109803,7.464878097047249
13.8,A,3.594649298483955,8.080098576471345
13.8,A,7.419901423528666,7.565350701516042
13.9,A,3.791437902999273,8.00347771724605
13.9,A,7.496522282753964,7.438562097000724
14.0,A,3.8215707332889153,7.983465001802736
14.0,A,7.516534998197275,7.478429266711081
14.1,A,3.8796045641018364,7.998837514277263
14.1,A,7.501162485722748,7.49039543589816
14.2,A,3.9562329278702353,7.9765459288105625
14.2,A,7.52345407118945,7.483767072129762
14.3,A,4.010076392374289,8.018852315608013
14.3,A,7.481147684392001,7.499923607625707
14.4,A,4.045371271653235,8.074596076710982
14.4,A,7.425403923289029,7.534628728346761
14.5,A,4.195306156974161,7.971499059692553
14.5,A,7.528500940307459,7.454693843025836
14.6,A,4.256903957739538,8.051081765517335
14.6,A,7.448918234482677,7.463096042260459
14.7,A,4.309888685596774,7.9918122978767485
14.7,A,7.508187702123265,7.480111314403223
14.8,A,4.295786561125478,8.070823234788403
14.8,A,7.42917676521161,7.5642134388745195
14.9,A,4.38400011822149,8.001736331072891
14.9,A,7.498263668927121,7.545999881778508
15.0,A,4.582790456560072,7.93626386017121
15.0,A,7.563736139828802,7.4172095434399266
15.1,A,4.530064574494065,8.045089416793628
15.1,A,7.454910583206384,7.539935425505933
15.2,A,4.660917538348302,7.998448980592146
15.2,A,7.5015510194078665,7.479082461651696
15.3,A,4.732798147671698,7.960977760499441
15.3,A,7.5390222395005715,7.477201852328301
15.4,A,4.77785103241967,8.006206297950627
15.4,A,7.493793702049387,7.50214896758033
15.5,A,4.848529574210913,8.003604710045343
15.5,A,7.49639528995467,7.501470425789087
15.6,A,4.868924806773219,8.103138490721554
15.6,A,7.396861509278459,7.551075193226781
15.7,A,5.02673987795826,7.92452138456134
15.7,A,7.575478615438673,7.46326012204174
15.8,A,5.097071497675407,7.974167669379029
15.8,A,7.525832330620983,7.462928502324593
15.9,A,5.182319162215021,7.992037967473375
15.9,A,7.507962032526637,7.44768083778498
16.0,A,5.179000698432814,7.965834952244144
16.0,A,7.534165047755868,7.520999301567187
16.1,A,5.294878476142017,7.985813301532917
16.1,A,7.514186698467096,7.475121523857984
16.2,A,5.385329546522686,7.9411749916388645
16.2,A,7.558825008361148,7.454670453477315
16.3,A,5.426514401803296,8.024394447796363
16.3,A,7.47560555220365,7.483485598196706
16.4,A,5.456055596211197,7.972407862064125
16.4,A,7.527592137935887,7.523944403788805
16.5,A,5.479632091687203,8.00752468101006
16.5,A,7.492475318989951,7.570367908312799
16.6,A,5.644792057773729,8.022639105815111
16.6,A,7.477360894184902,7.475207942226274
16.7,A,5.805842830374752,7.964074573162937
16.7,A,7.535925426837077,7.384157169625251
16.8,A,5.784009853845076,7.925367307818689
16.8,A,7.574632692181323,7.475990146154928
16.9,A,5.883828954362732,7.955948932269861
16.9,A,7.544051067730152,7.446171045637271
17.0,A,5.851464827229117,7.992346606730669
17.0,A,7.507653393269344,7.548535172770887
17.1,A,5.94262098404714,8.006457299525975
17.1,A,7.4935427004740385,7.527379015952865
17.2,A,6.074780904121084,7.976547863487877
17.2,A,7.523452136512136,7.46521909587892
17.3,A,6.169313227131607,8.021243502824394
17.3,A,7.478756497175619,7.440686772868398
17.4,A,6.184736635872958,8.001795527023491
17.4,A,7.498204472976522,7.495263364127047
17.5,A,6.2757071642165725,8.011326840163033
17.5,A,7.4886731598369805,7.474292835783433
17.6,A,6.37090824723882,7.958788671315141
17.6,A,7.541211328684872,7.449091752761186
17.7,A,6.373742012707101,7.995238068176194
17.7,A,7.504761931823818,7.516257987292905
17.8,A,6.505290575475427,7.92314398469757
17.8,A,7.576856015302442,7.454709424524579
17.9,A,6.481977936784866,8.016332906552623
17.9,A,7.483667093447388,7.54802206321514
18.0,A,6.651861523264267,7.989438900789359
18.0,A,7.510561099210652,7.44813847673574
18.1,A,6.742436995713817,8.003321662260653
18.1,A,7.496678337739361,7.42756300428619
18.2,A,6.732389377601977,8.014136314424164
18.2,A,7.485863685575848,7.507610622398031
18.3,A,6.810617720213404,8.08394915953181
18.3,A,7.416050840468202,7.499382279786603
18.4,A,6.785608409088491,8.070851396309145
18.4,A,7.429148603690868,7.594391590911517
18.5,A,6.945526194680792,7.973060934398321
18.5,A,7.526939065601692,7.504473805319217
18.6,A,6.9269734466824735,8.061686746613164
18.6,A,7.438313253386849,7.593026553317535
18.7,A,7.132561920458991,7.867586440590574
18.7,A,7.632413559409438,7.457438079541018
18.8,A,7.108821687766472,7.958039305212797
18.8,A,7.541960694787216,7.551178312233537
18.9,A,7.3375588738894955,7.927167975177656
18.9,A,7.5728320248223575,7.392441126110514
19.0,A,7.331143393009951,7.917619830428123
19.0,A,7.5823801695718895,7.468856606990059
19.1,A,7.405972984836389,7.9720668159799715
19.1,A,7.527933184020041,7.464027015163621
19.2,A,7.4223929752320155,8.0132808615694
19.2,A,7.486719138430611,7.517607024767995
19.3,A,7.4546630463896015,8.07658138515027
19.3,A,7.4234186148497425,7.555336953610409
19.4,A,7.587120237272083,8.016917528312188
19.4,A,7.483082471687824,7.492879762727927
19.5,A,7.539527077807833,8.107669817044892
19.5,A,7.392330182955121,7.610472922192178
19.6,A,7.643458794048249,8.03926766156009
19.6,A,7.460732338439921,7.576541205951762
19.7,A,7.849245093802733,7.923860598101359
19.7,A,7.576139401898653,7.440754906197278
19.8,A,7.835849040686729,8.078318158010621
19.8,A,7.421681841989392,7.524150959313283
19.9,A,7.948166182542067,7.932343800091026
19.9,A,7.567656199908987,7.481833817457945
20.0,A,7.935446129501259,7.947733677084863
20.0,A,7.552266322915149,7.564553870498753
20.1,A,7.941906346918696,7.926526548753845
20.1,A,7.503473451246167,7.488093653081316
20.2,A,7.974984083225845,7.926333704519287
20.2,A,7.433666295480725,7.385015916774167
20.3,A,7.926815232700629,7.784995771516827
20.3,A,7.505004228483185,7.363184767299383
20.4,A,7.968020489203471,7.736083587488735
20.4,A,7.4839164125112765,7.251979510796541
20.5,A,7.8988888783182745,7.732816381969057
20.5,A,7.417183618030954,7.2511111216817365
20.6,A,7.9923766065130915,7.562663929724798
20.6,A,7.517336070275213,7.087623393486919
20.7,A,8.034993183920063,7.491185714622111
20.7,A,7.5188142853779,6.975006816079947
20.8,A,7.990829354364248,7.4458003386758875
20.8,A,7.494199661324123,6.949170645635762
20.9,A,8.12576902742515,7.269426194193342
20.9,A,7.600573805806668,6.74423097257486
21.0,A,7.942351113904214,7.351643876492663
21.0,A,7.448356123507347,6.857648886095795
21.1,A,7.995482521197566,7.216361988283619
21.1,A,7.51363801171639,6.734517478802443
21.2,A,7.99341180786393,7.1917517985187045
21.2,A,7.4682482014813045,6.6665881921360794
21.3,A,7.959935707504735,7.0820930033835205
21.3,A,7.507906996616488,6.630064292495274
21.4,A,7.961208563963363,6.967558771819671
21.4,A,7.552441228180338,6.558791436036645
21.5,A,8.100063917921345,6.879709786009802
21.5,A,7.570290213990206,6.349936082078664
21.6,A,8.04731633824041,6.904478144979206
21.6,A,7.475521855020802,6.3326836617595985
21.7,A,8.069764197600273,6.752699813350967
21.7,A,7.557300186649041,6.240235802399734
21.8,A,8.069370647144343,6.697507872821924
21.8,A,7.542492127178083,6.170629352855664
21.9,A,8.056194656597798,6.648646858465733
21.9,A,7.5213531415342745,6.113805343402208
22.0,A,7.9489823456926985,6.6989952744069114
22.0,A,7.401004725593095,6.151017654307308
22.1,A,7.992411462513514,6.564989441918781
22.1,A,7.465010558081225,6.037588537486492
22.2,A,8.008055921231309,6.473063451064958
22.2,A,7.486936548935049,5.951944078768699
22.3,A,8.020108440930105,6.411204573277905
22.3,A,7.478795426722101,5.869891559069901
22.4,A,7.914340287921901,6.371330157746577
22.4,A,7.4486698422534285,5.905659712078105
22.5,A,8.028694308453323,6.2593539212342515
22.5,A,7.490646078765754,5.721305691546683
22.6,A,7.96164299633508,6.170594026397248
22.6,A,7.509405973602757,5.718357003664925
22.7,A,8.014550982599165,6.102905427558142
22.7,A,7.507094572441863,5.59544901740084
22.8,A,7.995590610939118,5.979419526483806
22.8,A,7.5605804735161986,5.5444093890608865
22.9,A,8.047044015539743,5.949060667750282
22.9,A,7.520939332249722,5.422955984460262
23.0,A,8.003468186653775,5.861809885484478
23.0,A,7.538190114515526,5.396531813346229
23.1,A,7.927147867076912,5.8391187963777105
23.1,A,7.490881203622293,5.402852132923091
23.2,A,8.065879693165133,5.72665655572234
23.2,A,7.533343444277663,5.194120306834871
23.3,A,8.046529442964797,5.62734764447267
23.3,A,7.562652355527333,5.143470557035207
23.4,A,8.05198430806824,5.609257488916702
23.4,A,7.510742511083301,5.068015691931761
23.5,A,8.089123246146551,5.502165719613257
23.5,A,7.547834280386746,4.960876753853451
23.6,A,7.992611430962466,5.508430349727209
23.6,A,7.4715696502727935,4.987388569037537
23.7,A,8.02791220285187,5.367296874666775
23.7,A,7.542703125333227,4.882087797148134
23.8,A,8.015442333314805,5.320275774723484
23.8,A,7.5197242252765175,4.824557666685196
23.9,A,7.969634742675235,5.333558284156816
23.9,A,7.436441715843185,4.800365257324766
24.0,A,7.9887039965416875,5.237253406259401
24.0,A,7.4627465937406,4.7112960034583145
24.1,A,8.058687042749359,5.044460028617651
24.1,A,7.5855399713823495,4.571312957250642
24.2,A,8.078304607209953,4.99223496170472
24.2,A,7.56776503829528,4.481695392790047
24.3,A,7.951627341575633,5.05032744223911
24.3,A,7.439672557760891,4.538372658424367
24.4,A,8.052445106667184,4.8927180997001285
24.4,A,7.527281900299871,4.367554893332817
24.5,A,8.034133737842419,4.75827451974754
24.5,A,7.591725480252459,4.31586626215758
24.6,A,8.01080407412178,4.747190283957239
24.6,A,7.5328097160427605,4.269195925878221
24.7,A,8.00066608622407,4.673956280380717
24.7,A,7.536043719619282,4.209333913775928
24.8,A,8.077260486708344,4.649271336567515
24.8,A,7.490728663432484,4.062739513291656
24.9,A,7.965427955640674,4.609041764797791
24.9,A,7.460958235202208,4.104572044359324
25.0,A,8.043200111704635,4.4684909533605355
25.0,A,7.531509046639463,3.9567998882953623
25.1,A,8.035411990806539,4.349480579512882
25.1,A,7.580519420487116,3.8945880091934595
25.2,A,7.960918141924395,4.418729238001174
25.2,A,7.441270761998823,3.8990818580756033
25.3,A,7.91375422801502,4.315793149245159
25.3,A,7.474206850754839,3.876245771984979
25.4,A,7.9088901374871865,4.311822832763438
25.4,A,7.408177167236559,3.811109862512812
25.5,A,8.008078215742655,4.143357759244484
25.5,A,7.506642240755513,3.641921784257344
25.6,A,7.985536475793768,4.063979746265168
25.6,A,7.516020253734829,3.594463524206233
25.7,A,8.008853777014023,4.087723611983909
25.7,A,7.422276388016087,3.5011462229859767
25.8,A,8.009419533802102,3.958669379847319
25.8,A,7.4813306201526775,3.4305804661978985
25.9,A,7.919761984719907,3.9112475048653548
25.9,A,7.458752495134641,3.450238015280093
26.0,A,8.038957884077771,3.785165743350355
26.0,A,7.514834256649641,3.2610421159222294
26.1,A,8.03849435888781,3.6971046381707833
26.1,A,7.532895361829214,3.1915056411121894
26.2,A,8.001269840628918,3.6381979376989437
26.2,A,7.521802062301054,3.1587301593710824
26.3,A,8.023428336428344,3.5682662790826924
26.3,A,7.521733720917305,3.066571663571656
26.4,A,7.944498724189089,3.580307036217955
26.4,A,7.439692963782042,3.07550127581091
26.5,A,7.949484047935692,3.5274609628684273
26.5,A,7.42253903713157,3.000515952064309
26.6,A,8.001671324498718,3.431396042823648
26.6,A,7.44860395717635,2.8783286755012822
26.7,A,7.968862368237696,3.369547414255641
26.7,A,7.440452585744357,2.8411376317623054
26.8,A,8.006579766436147,3.1174322002959367
26.8,A,7.622567799704061,2.7334202335638547
26.9,A,8.014632310921286,3.1717904337073204
26.9,A,7.498209566292678,2.655367689078714
27.0,A,7.854148952626279,3.2422899781833276
27.0,A,7.35771002181667,2.7458510473737228
27.1,A,7.977980241569807,3.0190506811472115
27.1,A,7.510949318852787,2.5520197584301947
27.2,A,8.007377851074684,2.9553677549810047
27.2,A,7.504632245018994,2.4526221489253173
27.3,A,8.018244723264633,2.969150393318217
27.3,A,7.420849606681783,2.371755276735369
27.4,A,8.028773574193522,2.7315198328567805
27.4,A,7.588480167143219,2.2912264258064807
27.5,A,7.973861785358907,2.737818571370547
27.5,A,7.512181428629451,2.2761382146410956
27.6,A,7.998957780004258,2.703940646119588
27.6,A,7.476059353880411,2.1810422199957444
27.7,A,7.993267289619919,2.5750351992429805
27.7,A,7.5349648007570185,2.116732710380085
27.8,A,8.02544335562358,2.4681733534208945
27.8,A,7.571826646579105,2.014556644376423
27.9,A,7.954161322123126,2.502275307026242
27.9,A,7.467724692973758,2.015838677876876
28.0,A,8.088533203515325,2.374955384037525
28.0,A,7.525044615962475,1.8114667964846778
28.1,A,8.018559679702784,2.2823585419123247
28.1,A,7.547641458087676,1.8114403202972178
28.2,A,7.964663492339744,2.264099476715972
28.2,A,7.495900523284028,1.7953365076602588
28.3,A,7.940358139698256,2.288334746451155
28.3,A,7.401665253548845,1.7496418603017474
28.4,A,7.977035458674015,2.199763399487047
28.4,A,7.420236600512954,1.6429645413259877
28.5,A,7.921223407002082,2.137972601925845
28.5,A,7.412027398074155,1.628776592997921
28.6,A,7.956839451314464,2.0480598743926675
28.6,A,7.431940125607333,1.5231605486855395
28.7,A,8.08340443619613,1.8333921887838567
28.7,A,7.576607811216144,1.3265955638038744
28.8,A,8.084856264507177,1.779166083729289
28.8,A,7.560833916270711,1.2551437354928248
28.9,A,8.032754384024376,1.8071335062942735
28.9,A,7.462866493705727,1.2372456159756273
29.0,A,7.934459858949389,1.768273793994213
29.0,A,7.431726206005787,1.265540141050613
29.1,A,8.063191122206847,1.5754153889122786
29.1,A,7.554584611087722,1.0668088777931555
29.2,A,7.9866277350311305,1.5430113178785327
29.2,A,7.516988682121467,1.0733722649688715
29.3,A,7.97324946474666,1.4911922077567819
29.3,A,7.498807792243218,1.0167505352533428
29.4,A,8.06435566666373,1.3727955851534481
29.4,A,7.5472044148465525,0.855644333336273
29.5,A,8.015867160661811,1.3331320088451397
29.5,A,7.516867991154861,0.8341328393381913
29.6,A,8.039317770163308,1.2490088401656343
29.6,A,7.5309911598343655,0.7406822298366944
29.7,A,8.007378823599192,1.2202159827851298
29.7,A,7.489784017214871,0.7026211764008099
29.8,A,7.932060570029452,1.2463241937494103
29.8,A,7.39367580625059,0.7079394299705514
29.9,A,8.131298296574128,0.9773429003709476
29.9,A,7.5926570996290526,0.4387017034258744
30.0,A,7.918171260836812,1.1237940690433366
30.0,A,7.376205930956664,0.5818287391631907
30.1,A,7.990461881195122,0.919164935128489
30.1,A,7.510835064871511,0.4395381188048803
30.2,A,7.876353470545688,1.0112329430782634
30.2,A,7.348767056921735,0.4836465294543145
30.3,A,7.801301226310388,0.9440603035584094
30.3,A,7.34593969644159,0.4886987736896142
30.4,A,7.709573765719496,1.024908095990904
30.4,A,7.195091904009095,0.5104262342805053
30.5,A,7.645595327594464,1.0217052927807895
30.5,A,7.12829470721921,0.5044046724055377
30.6,A,7.582142327603155,0.9647118009144768
30.6,A,7.115288199085522,0.49785767239684586
30.7,A,7.5031418145277415,1.0294808208551642
30.7,A,6.980519179144834,0.506858185472259
30.8,A,7.4682591784502215,0.9628552021907167
30.8,A,6.977144797809281,0.47174082154977875
30.9,A,7.392820499849966,1.0318315382344598
30.9,A,6.838168461765537,0.4771795001500331
31.0,A,7.28184262920986,0.9967763819686729
31.0,A,6.803223618031325,0.5181573707901397
31.1,A,7.289882695136774,1.0352255338724232
31.1,A,6.694774466127574,0.4401173048632251
31.2,A,7.249963036157089,0.9446100959112529
31.2,A,6.7153899040887435,0.4100369638429103
31.3,A,7.1275633483755705,0.9080236621749116
31.3,A,6.681976337825084,0.46243665162442854
31.4,A,7.086726386365978,0.9764206379214411
31.4,A,6.543579362078555,0.43327361363402056
31.5,A,6.9122027119291,1.011560097750832
31.5,A,6.438439902249164,0.537797288070898
31.6,A,6.911725454329729,0.9514348484406118
31.6,A,6.428565151559384,0.4682745456702688
31.7,A,6.728418836958708,1.0255517767998632
31.7,A,6.2844482232001315,0.5815811630412896
31.8,A,6.70056727560486,0.9727848203341547
31.8,A,6.267215179665841,0.5394327243951373
31.9,A,6.622213696070894,1.1056001953911654
31.9,A,6.064399804608829,0.5477863039291038
32.0,A,6.5822929048564225,1.0368792604934165
32.0,A,6.063120739506577,0.5177070951435744
32.1,A,6.453470993421461,1.0373040508628613
32.1,A,5.992695949137132,0.5765290065785359
32.2,A,6.310398782762823,1.0352767804526664
32.2,A,5.924723219547328,0.6496012172371737
32.3,A,6.417289455055006,1.0182885888673556
32.3,A,5.871711411132638,0.4727105449449899
32.4,A,6.369792538526218,0.9592131150218032
32.4,A,5.8607868849781894,0.45020746147377777
32.5,A,6.269417238621751,1.022932110381145
32.5,A,5.727067889618848,0.48058276137824474
32.6,A,6.2560696540370095,0.9710987641381587
32.6,A,5.708901235861834,0.42393034596298573
32.7,A,6.1339433941867245,1.0286381473448305
32.7,A,5.581361852655162,0.47605660581327114
32.8,A,6.108112117823819,0.9633719772422763
32.8,A,5.576628022757716,0.43188788217617513
32.9,A,5.990436709570439,0.985379938614514
32.9,A,5.484620061385478,0.4795632904295553
33.0,A,5.82742365910921,1.0081560193214925
33.0,A,5.391843980678499,0.5725763408907838
33.1,A,5.876668898090879,0.9884058999852955
33.1,A,5.341594100014696,0.45333110190911524
33.2,A,5.827652321977439,0.8826304103737638
33.2,A,5.377369589626227,0.4323476780225542
33.3,A,5.765376170043061,0.9559704956447971
33.3,A,5.234029504355193,0.42462382995693193
33.4,A,5.667587801459925,0.9824077296816347
33.4,A,5.137592270318356,0.4524121985400674
33.5,A,5.5698722706366155,0.8891961856852272
33.5,A,5.160803814314763,0.4801277293633768
33.6,A,5.474671321985182,0.9872716155348157
33.6,A,4.992728384465174,0.5053286780148103
33.7,A,5.3468061650742715,1.0159325225723284
33.7,A,4.894067477427662,0.5631938349257206
33.8,A,5.352631354802784,0.918125129269291
33.8,A,4.921874870730698,0.4873686451972069
33.9,A,5.345885435584104,0.9571115718861919
33.9,A,4.812888428113797,0.42411456441588735
34.0,A,5.227466232173774,0.991521771577104
34.0,A,4.7084782284228845,0.4725337678262164
34.1,A,5.079508213572032,1.0966996976432295
34.1,A,4.533300302356759,0.5504917864279595
34.2,A,5.128879431633782,0.8944233738570577
34.2,A,4.66557662614293,0.4311205683662087
34.3,A,4.959471772027495,1.0390779210695051
34.3,A,4.450922078930482,0.530528227972495
34.4,A,4.987806875440139,0.9616551431454724
34.4,A,4.458344856854515,0.4321931245598512
34.5,A,4.791905644140585,1.044706014357365
34.5,A,4.305293985642622,0.5580943558594047
34.6,A,4.794272231361391,0.9826474124784249
34.6,A,4.297352587521561,0.48572776863859846
34.7,A,4.639454211079927,0.9812461261130898
34.7,A,4.228753873886897,0.5705457889200624
34.8,A,4.582198833101008,1.0331782482022183
34.8,A,4.106821751797768,0.557801166898982
34.9,A,4.654297523738126,0.8877403675341891
34.9,A,4.182259632465797,0.41570247626186274
35.0,A,4.545343972266751,0.9711274995267825
35.0,A,4.028872500473204,0.4546560277332383
35.1,A,4.452749613558181,0.9813096218971343
35.1,A,3.9486903781028517,0.4772503864418068
35.2,A,4.329262438804135,0.9909033507043744
35.2,A,3.869096649295612,0.5307375611958522
35.3,A,4.244825182303093,1.0291789437239167
35.3,A,3.76082105627607,0.5451748176968946
35.4,A,4.150753907654481,1.0655639037567413
35.4,A,3.6544360962432454,0.5692460923455054
35.5,A,4.1766236509784935,1.0600920334226929
35.5,A,3.589907966577294,0.4733763490214937
35.6,A,4.036084141323684,1.0574307311977404
35.6,A,3.522569268802247,0.5439158586763021
35.7,A,4.007293866620561,0.9866297419378469
35.7,A,3.52337025806214,0.5027061333794252
35.8,A,3.9672607403031552,1.0170503940955338
35.8,A,3.4229496059044537,0.4727392596968311
35.9,A,3.900357349699028,1.0674085488463734
35.9,A,3.302591451153614,0.4696426503009589
36.0,A,3.777171132665184,1.026012455166815
36.0,A,3.2739875448331723,0.522828867334803
36.1,A,3.764518976892621,0.9378199948207855
36.1,A,3.292180005179202,0.46548102310736605
36.2,A,3.710524138481707,1.0010897328262731
36.2,A,3.1589102671737153,0.44947586151828034
36.3,A,3.549783147575924,0.9640289726616671
36.3,A,3.125971027338321,0.5402168524240631
36.4,A,3.4669520444898176,1.0535662678314095
36.4,A,2.966433732168579,0.5530479555101696
36.5,A,3.3573061738354286,1.043085638954739
36.5,A,2.9069143610452497,0.592693826164559
36.6,A,3.4505446009114342,0.9524968632209884
36.6,A,2.9275031367790003,0.4294553990885539
36.7,A,3.2941032109784665,1.0654919992830072
36.7,A,2.7445080007169818,0.5158967890215217
36.8,A,3.2776933085751527,0.975279328435385
36.8,A,2.764720671564604,0.46230669142483527
36.9,A,3.1648928733079136,0.9885980262211602
36.9,A,2.681401973778829,0.5051071266920748
37.0,A,3.1584741195289965,0.9194311785440727
37.0,A,2.6805688214559167,0.4415258804709922
37.1,A,3.046287634402348,0.9727253559542578
37.1,A,2.557274644045732,0.48371236559764097
37.2,A,3.0052890372435597,0.9749303224200897
37.2,A,2.4850696775799,0.45471096275642936
37.3,A,2.9103627341900076,0.9883601379353476
37.3,A,2.401639862064642,0.47963726580998156
37.4,A,2.7746686181136484,1.067643216774971
37.4,A,2.252356783225019,0.5453313818863403
37.5,A,2.7635284839548904,0.9883809402316295
37.5,A,2.2616190597683605,0.4864715160450987
37.6,A,2.7246255171039753,1.0113762906690644
37.6,A,2.1686237093309257,0.4553744828960141
37.7,A,2.548115188177568,1.0430264786757029
37.7,A,2.0669735213242877,0.5618848118224218
37.8,A,2.5736865265217213,0.9933483791652317
37.8,A,2.046651620834759,0.46631347347826874
37.9,A,2.364774289230963,1.1061585880908966
37.9,A,1.8638414119090938,0.6052257107690271
38.0,A,2.3948708314612226,1.0073286571121132
38.0,A,1.8926713428878772,0.5051291685387675
38.1,A,2.3094835732682317,1.0371172913646345
38.1,A,1.792882708635356,0.5205164267317585
38.2,A,2.3148023360864487,0.9781416807494338
38.2,A,1.7818583192505564,0.4451976639135417
38.3,A,2.1351148295187783,1.0572775414125073
38.3,A,1.6327224585874829,0.5548851704812121
38.4,A,2.0429564644534555,1.114363859619624
38.4,A,1.5056361403803662,0.577043535546535
38.5,A,2.0335305856307757,1.023400575670123
38.5,A,1.5265994243298673,0.5164694143692153
38.6,A,1.9867906294156836,0.9709105315260661
38.6,A,1.5090894684739242,0.49320937058430725
38.7,A,2.0137730251028154,1.0369944506050666
38.7,A,1.5130055493949235,0.4662269748971757
38.8,A,2.0477763553042947,1.1510064056610576
38.8,A,1.4689935943389325,0.4322236446956961
38.9,A,2.0882409220884472,1.150073756358716
38.9,A,1.5399262436412742,0.39175907791154346
39.0,A,1.986363773661706,1.312096344162067
39.0,A,1.4479036558379232,0.49363622633828486
39.1,A,1.9837648059707105,1.344028222970308
39.1,A,1.4859717770296823,0.49623519402928046
39.2,A,1.9286123754654108,1.4368539989297757
39.2,A,1.4631460010702146,0.55138762453458
39.3,A,2.0044276516265978,1.4464930298674434
39.3,A,1.523506970132547,0.4755723483733929
39.4,A,1.9440483270584803,1.5176618919432854
39.4,A,1.522338108056705,0.5359516729415105
39.5,A,1.9240011918261712,1.6818652991107936
39.5,A,1.428134700889197,0.5559988081738194
39.6,A,2.099543876386082,1.621417817717818
39.6,A,1.5585821822821726,0.3804561236139088
39.7,A,1.9036413294638275,1.8266605906398752
39.7,A,1.4233394093601155,0.5763586705361634
39.8,A,1.9256960208848155,1.9281309767667785
39.8,A,1.3918690232332123,0.5543039791151753
39.9,A,1.9574837987462308,1.8538836774653753
39.9,A,1.5361163225346155,0.5225162012537602
40.0,A,1.890890447103144,1.9918129487201015
40.0,A,1.4681870512798894,0.5891095528968466
40.1,A,2.0293399663023433,2.003191868426796
40.1,A,1.526808131573195,0.4506600336976475
40.2,A,1.9331137603765782,2.1456977242785364
40.2,A,1.454302275721454,0.5468862396234124
40.3,A,1.9894909358544581,2.186524706535036
40.3,A,1.4834752934649544,0.4905090641455327
40.4,A,1.86038874624542,2.367769419114719
40.4,A,1.3722305808852713,0.6196112537545708
40.5,A,1.9970200613163351,2.342387374540842
40.5,A,1.4676126254591486,0.4829799386836557
40.6,A,2.060373415905709,2.340378910215132
40.6,A,1.5396210897848581,0.4196265840942819
40.7,A,1.9759438728351908,2.491736471406938
40.7,A,1.4582635285930523,0.5040561271647999
40.8,A,1.892795537354937,2.6503657976768666
40.8,A,1.3696342023231234,0.5872044626450538
40.9,A,1.9837702110044417,2.656013275902301
40.9,A,1.4339867240976887,0.4962297889955491
41.0,A,1.994902099655346,2.588238387328137
41.0,A,1.571761612671852,0.48509790034464495
41.1,A,2.049536883294378,2.7997999708596013
41.1,A,1.430200029140388,0.430463116705613
41.2,A,2.0572144319520116,2.8156914853715516
41.2,A,1.4843085146284376,0.4227855680479794
41.3,A,1.9492580123105905,2.9293027993339713
41.3,A,1.4406972006660177,0.5307419876894004
41.4,A,2.021336850030963,2.9136016411262733
41.4,A,1.526398358873715,0.45866314996902785
41.5,A,1.9073780459790235,3.0764733102238497
41.5,A,1.433526689776139,0.5726219540209673
41.6,A,1.9562247265555577,3.076190321548437
41.6,A,1.5038096784515516,0.5237752734444332
41.7,A,1.986307206330318,3.164732910936755
41.7,A,1.4852670890632336,0.4936927936696729
41.8,A,1.8788167635372404,3.3501766744463204
41.8,A,1.3698233255536678,0.6011832364627503
41.9,A,2.0042604912545876,3.3257583012750125
41.9,A,1.4642416987249753,0.4757395087454033
42.0,A,1.9953600240374223,3.3472929658446304
42.0,A,1.5127070341553575,0.48463997596256847
42.1,A,1.990667582124063,3.4095338235290993
42.1,A,1.5204661764708884,0.48933241787592796
42.2,A,1.9668850845402313,3.5551669759806623
42.2,A,1.444833024019325,0.5131149154597596
42.3,A,1.9680724927796316,3.575680629642928
42.3,A,1.4943193703570594,0.5119275072203591
42.4,A,1.9571634695143802,3.7061194190428863
42.4,A,1.4338805809571007,0.5228365304856106
42.5,A,1.9467861794801489,3.7308098075234377
42.5,A,1.4791901924765491,0.5332138205198419
42.6,A,2.0401502711929553,3.7638200623321016
42.6,A,1.5161799376678853,0.4398497288070357
42.7,A,1.8991386449887848,3.8880500537881058
42.7,A,1.4619499462118812,0.580861355011206
42.8,A,1.9232650681971304,4.0261186104576305
42.8,A,1.3938813895423563,0.5567349318028604
42.9,A,2.027219585135684,3.971024761333603
42.9,A,1.5189752386663833,0.4527804148643067
43.0,A,1.9621212772597154,4.138575545620275
43.0,A,1.421424454379712,0.5178787227402754
43.1,A,1.972675789702114,4.150364417386969
43.1,A,1.479635582613018,0.5073242102978767
43.2,A,2.029144505344887,4.193465077537934
43.2,A,1.5065349224620537,0.45085549465510366
43.3,A,1.9343132741037463,4.2746897513833995
43.3,A,1.4953102486165888,0.5456867258962446
43.4,A,1.9247660674290727,4.364209967100385
43.4,A,1.4757900328996023,0.555233932570918
43.5,A,1.9678353515687967,4.461700207777004
43.5,A,1.4482997922229843,0.512164648431194
43.6,A,2.006379532645835,4.52280288095582
43.6,A,1.4571971190441688,0.4736204673541558
43.7,A,1.9877927740488501,4.623066926499187
43.7,A,1.4269330735008021,0.4922072259511407
43.8,A,1.9999530692505623,4.625905427209035
43.8,A,1.494094572790954,0.48004693074942867
43.9,A,2.019836713518202,4.639432029028878
43.9,A,1.550567970971111,0.4601632864817885
44.0,A,1.9524452108902088,4.779133310079242
44.0,A,1.4808666899207472,0.527554789109782
44.1,A,1.8806864280065523,4.9155897288372365
44.1,A,1.414410271162754,0.5993135719934386
44.2,A,2.011184273574996,4.92908192413438
44.2,A,1.470918075865611,0.4688157264249947
44.3,A,1.8870302125192078,5.04116028872692
44.3,A,1.42883971127307,0.5929697874807831
44.4,A,2.01763245041994,5.068398676775986
44.4,A,1.4716013232240048,0.4623675495800513
44.5,A,1.9857029277073153,5.136622379090982
44.5,A,1.4733776209090095,0.4942970722926754
44.6,A,1.8811457075609652,5.233216094577103
44.6,A,1.4467839054228882,0.5988542924390257
44.7,A,1.8984194906881118,5.385011389680275
44.7,A,1.3649886103197169,0.5815805093118789
44.8,A,1.9696589288701467,5.349872271230806
44.8,A,1.4701277287691852,0.5103410711298443
44.9,A,1.915435312740254,5.489015091898947
44.9,A,1.4009849081010444,0.5645646872597369
45.0,A,1.9442397640906761,5.435165739862488
45.0,A,1.524834260137504,0.5357602359093148
45.1,A,1.9409782603812877,5.70860940317084
45.1,A,1.3213905968291526,0.5390217396187034
45.2,A,2.1383899196345872,5.519321713365606
45.2,A,1.5806782866343871,0.34161008036540363
45.3,A,1.9444085582883484,5.671147329468758
45.3,A,1.4988526705312348,0.5355914417116425
45.4,A,2.016466302824912,5.72765355635776
45.4,A,1.5123464436422338,0.4635336971750788
45.5,A,1.9996341329455998,5.801514023398757
45.5,A,1.5084859766012373,0.480365867054391
45.6,A,1.978331069578051,5.903453771702605
45.6,A,1.476546228297389,0.5016689304219399
45.7,A,2.000680227381723,5.946850273770998
45.7,A,1.503149726228996,0.4793197726182679
45.8,A,2.071628038723152,5.944294548700597
45.8,A,1.575705451299398,0.4083719612768389
45.9,A,1.986035367565018,6.063494233832541
45.9,A,1.5265057661674537,0.4939646324349729
46.0,A,1.9523408064311825,6.231543407133811
46.0,A,1.4284565928661839,0.5276591935688083
46.1,A,2.014828468075953,6.189459633918982
46.1,A,1.5405403660810137,0.4651715319240376
46.2,A,2.1068117444367958,6.255014673680513
46.2,A,1.544985326319483,0.373188255563195
46.3,A,1.978807976046624,6.424251980721226
46.3,A,1.4457480192787697,0.5011920239533668
46.4,A,2.0365470666423002,6.368134495992404
46.4,A,1.5718655040075922,0.4434529333576907
46.5,A,2.0242211354547943,6.439007392713167
46.5,A,1.5709926072868299,0.4557788645451964
46.6,A,1.9592668542730578,6.603464238264587
46.6,A,1.4765357617354096,0.5207331457269331
46.7,A,1.9934442358644664,6.656593794447559
46.7,A,1.4934062055524373,0.4865557641355245
46.8,A,1.942935588253962,6.814860163583221
46.8,A,1.4051398364167764,0.5370644117460288
46.9,A,1.9052927119757093,6.816763124365186
46.9,A,1.4732368756348126,0.5747072880242816
47.0,A,2.000043680066871,6.899243947071056
47.0,A,1.4607560529289418,0.47995631993311977
47.1,A,2.1023379708321657,6.871296883004176
47.1,A,1.5587031169958225,0.37766202916782504
47.2,A,1.9507297476567322,7.031176819276791
47.2,A,1.468823180723208,0.5292702523432585
47.3,A,2.1123011367894335,7.0452631369194
47.3,A,1.4547368630805992,0.4376988632105576
47.4,A,2.098515278985442,7.0393224419667115
47.4,A,1.4606775580332871,0.5214847210145486
47.5,A,2.172890502775849,6.989662362218908
47.5,A,1.5103376377810906,0.5171094972241412
47.6,A,2.2549145884727024,7.001445767922731
47.6,A,1.498554232077268,0.505085411527288
47.7,A,2.4070597244646312,7.000907251801966
47.7,A,1.4990927481980327,0.42294027553535896
47.8,A,2.298184499278789,7.131188493131188
47.8,A,1.3688115068688105,0.6018155007212012
47.9,A,2.4427484712333807,7.051302723038012
47.9,A,1.4486972769619861,0.5272515287666091
48.0,A,2.522527136740746,7.08216229174703
48.0,A,1.417837708252968,0.5174728632592439
48.1,A,2.687658132697998,6.963241700933104
48.1,A,1.5367582990668953,0.422341867301992
48.2,A,2.67414313604652,7.040696325707421
48.2,A,1.4593036742925773,0.5058568639534693
48.3,A,2.828207276071381,6.957136074356443
48.3,A,1.5428639256435557,0.42179272392860895
48.4,A,2.859395422403782,7.048009713642533
48.4,A,1.4519902863574656,0.46060457759620715
48.5,A,2.9332433792098205,6.9482774750985525
48.5,A,1.551722524901446,0.4567566207901684
48.6,A,2.936122362486631,7.049232605361296
48.6,A,1.450767394638702,0.5238776375133581
48.7,A,3.034698062460912,7.008349985390472
48.7,A,1.491650014609526,0.4953019375390764
48.8,A,3.1314977661822847,7.024876624771722
48.8,A,1.475123375228277,0.46850223381770373
48.9,A,3.1375258872974205,7.105020987033439
48.9,A,1.3949790129665605,0.5324741127025678
49.0,A,3.2329240565314716,7.032520627256594
49.0,A,1.4674793727434041,0.5070759434685161
49.1,A,3.2287343940585798,7.075389607151521
49.1,A,1.4246103928484777,0.5812656059414083
49.2,A,3.4931066608029826,6.94266219179602
49.2,A,1.5573378082039784,0.38689333919700497
49.3,A,3.412162412280926,7.084944192009493
49.3,A,1.4150558079905056,0.5378375877190618
49.4,A,3.4971428432577367,6.966935930697667
49.4,A,1.5330640693023316,0.5228571567422511
49.5,A,3.635905588575409,7.046879022826764
49.5,A,1.4531209771732345,0.4540944114245787
49.6,A,3.660556912004391,6.978873658441958
49.6,A,1.5211263415580403,0.4994430879955962
49.7,A,3.7809295708380066,6.998666792444488
49.7,A,1.5013332075555108,0.44907042916198037
49.8,A,3.7901014297663838,7.064836213728311
49.8,A,1.4351637862716866,0.5098985702336031
49.9,A,3.9344187017627505,6.998998154288477
49.9,A,1.5010018457115215,0.4355812982372363
50.0,A,4.009144914295394,6.944837005441159
50.0,A,1.5551629945588388,0.4308550857045928
50.1,A,4.021507906549588,7.016904430862648
50.1,A,1.4830955691373506,0.4884920934503989
50.2,A,4.0657085272910605,7.036381090690548
50.2,A,1.4636189093094503,0.5142914727089258
50.3,A,4.179279678025055,7.027036916638267
50.3,A,1.4729630833617313,0.4707203219749314
50.4,A,4.2629506813328115,6.986510551804124
50.4,A,1.513489448195874,0.4570493186671761
50.5,A,4.246743502644657,6.98482988805106
50.5,A,1.5151701119489387,0.5432564973553309
50.6,A,4.35446010407592,7.037055272186952
50.6,A,1.462944727813047,0.5055398959240671
50.7,A,4.382823166819212,7.087011023426251
50.7,A,1.4129889765737482,0.5471768331807768
50.8,A,4.418388448753572,7.069496379834864
50.8,A,1.430503620165134,0.5816115512464163
50.9,A,4.60002569611975,7.035814657189788
50.9,A,1.4641853428102107,0.46997430388023853
51.0,A,4.628162303287796,7.041405724624797
51.0,A,1.4585942753752021,0.5118376967121924
51.1,A,4.7476544194758645,6.985704383641014
51.1,A,1.5142956163589845,0.4623455805241241
51.2,A,4.839874412351469,7.023078181634625
51.2,A,1.4769218183653736,0.44012558764852056
51.3,A,4.8680340752579845,6.909857682324546
51.3,A,1.5901423176754528,0.48196592474200567
51.4,A,4.928805014397885,7.006260769605897
51.4,A,1.4937392303941013,0.49119498560210456
51.5,A,4.9878917186139375,6.982861472622227
51.5,A,1.5171385273777707,0.5021082813860531
51.6,A,5.164205629530799,6.957476700527807
51.6,A,1.5425232994721914,0.3957943704691911
51.7,A,5.135185458762785,7.013853811960144
51.7,A,1.4861461880398548,0.49481454123720603
51.8,A,5.134846653976862,7.059790174342721
51.8,A,1.4402098256572773,0.5651533460231302
51.9,A,5.250711118388435,7.107274961152595
51.9,A,1.3927250388474037,0.5192888816115567
52.0,A,5.219209219960329,7.142218178898077
52.0,A,1.3577818211019208,0.620790780039662
52.1,A,5.39053359437792,7.0539979623454085
52.1,A,1.4460020376545901,0.5194664056220724
52.2,A,5.478621134055771,7.025078303235961
52.2,A,1.4749216967640377,0.501378865944221
52.3,A,5.661506821008776,6.9049748305632415
52.3,A,1.5950251694367568,0.38849317899121705
52.4,A,5.604223796275306,7.021392906288538
52.4,A,1.4786070937114604,0.5157762037246867
52.5,A,5.714683713887041,6.974097519480459
52.5,A,1.5259024805195391,0.4753162861129526
52.6,A,5.79958090863271,6.988448979485777
52.6,A,1.5115510205142217,0.4604190913672835
52.7,A,5.750109721127201,7.021753036455513
52.7,A,1.4782469635444855,0.579890278872793
52.8,A,5.846747522219983,7.051470996913471
52.8,A,1.4485290030865277,0.5532524777800114
52.9,A,6.004143480876627,6.989008775499111
52.9,A,1.510991224500887,0.46585651912336695
53.0,A,5.983307641296625,7.0469041864321635
53.0,A,1.4530958135678347,0.5566923587033703
53.1,A,6.113512301317212,7.03819457443315
53.1,A,1.461805425566849,0.4964876986827832
53.2,A,6.148210925602014,7.042808079352816
53.2,A,1.457191920647183,0.5317890743979807
53.3,A,6.253573612603933,7.01127359549729
53.3,A,1.4887264045027082,0.4964263873960622
53.4,A,6.311163273712192,7.096707144755613
53.4,A,1.403292855244386,0.5088367262878033
53.5,A,6.363410861687892,7.062269444530545
53.5,A,1.4377305554694526,0.5265891383121042
53.6,A,6.405714218340124,7.057720147656655
53.6,A,1.442279852343344,0.5542857816598715
53.7,A,6.542424859497386,7.012271614903089
53.7,A,1.4877283850969105,0.48757514050261064
53.8,A,6.655888599378815,6.955877484148124
53.8,A,1.5441225158518748,0.4441114006211816
53.9,A,6.689923945186296,7.024707411770297
53.9,A,1.4752925882297012,0.4800760548137017
54.0,A,6.613986767081266,7.124666117649682
54.0,A,1.375333882350316,0.6260132329187315
54.1,A,6.780721288622255,7.047925674398829
54.1,A,1.4520743256011692,0.5292787113777425
54.2,A,6.937618470710185,6.949043983957195
54.2,A,1.5509560160428038,0.4423815292898134
54.3,A,6.918601314765477,7.048487348272449
54.3,A,1.4515126517275503,0.5313986852345217
54.4,A,7.012794052920756,7.007990042768562
54.4,A,1.4920099572314365,0.5072059470792422
54.5,A,7.028118392464837,6.965874534920571
54.5,A,1.4641254650794273,0.4918816075351627
54.6,A,7.02325648056397,6.868775040600021
54.6,A,1.4912249593999771,0.4967435194360284
54.7,A,7.038530774001915,6.820886241341833
54.7,A,1.4691137586581642,0.48146922599808406
54.8,A,7.036652065625494,6.67498129747944
54.8,A,1.5450187025205582,0.4833479343745049
54.9,A,7.086359550028828,6.583667789975701
54.9,A,1.5663322100242965,0.43364044997117107
55.0,A,7.063798590484968,6.568079789600661
55.0,A,1.5119202103993354,0.4562014095150313
55.1,A,7.018765027098252,6.542705082734861
55.1,A,1.4672949172651357,0.5012349729017465
55.2,A,6.972219827497704,6.45918378283882
55.2,A,1.4808162171611772,0.5477801725022946
55.3,A,7.011140840479988,6.42280653621084
55.3,A,1.4471934637891557,0.5088591595200107
55.4,A,6.93140899514481,6.439728344666596
55.4,A,1.360271655333399,0.5885910048551886
55.5,A,7.071050471820225,6.194037343848835
55.5,A,1.5359626561511601,0.44894952817977385
55.6,A,6.961420997039901,6.249144094018873
55.6,A,1.4108559059811225,0.5585790029600984
55.7,A,7.066964227034871,6.06405739598754
55.7,A,1.525942604012455,0.4530357729651275
55.8,A,7.029913569259376,6.084785802926417
55.8,A,1.4352141970735772,0.4900864307406225
55.9,A,7.056678853917487,5.92229505348839
55.9,A,1.5277049465116048,0.4633211460825124
56.0,A,6.981017162747352,5.965654497218035
56.0,A,1.4143455027819587,0.5389828372526458
56.1,A,7.1367667155692445,5.779680596870966
56.1,A,1.5303194031290281,0.38323328443075366
56.2,A,7.043079601798161,5.763164034446546
56.2,A,1.4768359655534484,0.47692039820183774
56.3,A,7.011763715083773,5.730548049920521
56.3,A,1.4394519500794718,0.5082362849162259
56.4,A,6.979564436378266,5.669611541994999
56.4,A,1.4303884580049944,0.5404355636217335
56.5,A,6.945520830615866,5.587503765030705
56.5,A,1.4424962349692878,0.5744791693841331
56.6,A,7.071675768987403,5.407451142277948
56.6,A,1.5525488577220452,0.44832423101259605
56.7,A,6.963114304865119,5.476734735325737
56.7,A,1.4132652646742554,0.5568856951348792
56.8,A,7.033536794442762,5.32399968426469
56.8,A,1.496000315735302,0.4864632055572367
56.9,A,7.008457680844819,5.25894072613001
56.9,A,1.4910592738699815,0.5115423191551798
57.0,A,7.0328768573629015,5.203296422914483
57.0,A,1.4767035770855081,0.4871231426370965
57.1,A,7.019774381010056,5.137425185334913
57.1,A,1.472574814665078,0.5002256189899429
57.2,A,7.013096574493985,5.099142013232881
57.2,A,1.44085798676711,0.5069034255060139
57.3,A,7.155457079531826,4.891809711206515
57.3,A,1.578190288793475,0.36454292046817227
57.4,A,7.041303525951326,4.915041708732
57.4,A,1.484958291267991,0.47869647404867277
57.5,A,6.982797962577671,4.849303752867112
57.5,A,1.4806962471328786,0.5372020374223284
57.6,A,6.976635706996806,4.793743278180084
57.6,A,1.4662567218199054,0.5433642930031924
57.7,A,7.087949016933183,4.672339671522397
57.7,A,1.5176603284775925,0.432050983066816
57.8,A,6.873454688441742,4.717157263583719
57.8,A,1.4028427364162703,0.6465453115582573
57.9,A,6.97194598257427,4.592624387559984
57.9,A,1.4573756124400044,0.5480540174257288
58.0,A,7.081157827857614,4.429779184923965
58.0,A,1.5502208150760233,0.43884217214238547
58.1,A,7.078966598685152,4.365976057613295
58.1,A,1.5440239423866924,0.44103340131484575
58.2,A,7.088319225698642,4.287724995289054
58.2,A,1.5522750047109342,0.4316807743013571
58.3,A,6.990490475038319,4.305736892446031
58.3,A,1.464263107553956,0.5295095249616797
58.4,A,7.031335282023189,4.207869583509721
58.4,A,1.4921304164902658,0.4886647179768095
58.5,A,7.000646417648361,4.236934090242875
58.5,A,1.3930659097571119,0.5193535823516385
58.6,A,7.02694193392279,4.09020585620885
58.6,A,1.4697941437911373,0.49305806607720964
58.7,A,7.062991022783212,3.9519230335126694
58.7,A,1.5380769664873168,0.4570089772167865
58.8,A,7.025327822246575,3.9998913706792414
58.8,A,1.4201086293207452,0.49467217775342387
58.9,A,7.088912920849686,3.8582803320614527
58.9,A,1.4917196679385343,0.4310870791503128
59.0,A,7.045347906583438,3.7956327163608794
59.0,A,1.4843672836391073,0.47465209341656
59.1,A,7.0307772000152315,3.6576961370322625
59.1,A,1.5523038629677246,0.489222799984767
59.2,A,7.058332292458594,3.641386949550964
59.2,A,1.4986130504490232,0.46166770754140446
59.3,A,7.045906656268689,3.6272227083921997
59.3,A,1.4427772916077881,0.47409334373130985
59.4,A,6.992539463544998,3.503863766450052
59.4,A,1.4961362335499357,0.5274605364550012
59.5,A,6.971449249054547,3.4250036148555822
59.5,A,1.5049963851444055,0.5485507509454514
59.6,A,7.0170301984127486,3.3743832730811367
59.6,A,1.4856167269188507,0.50296980158725
59.7,A,7.110074150669341,3.250567590005923
59.7,A,1.5394324099940653,0.4099258493306573
59.8,A,6.976202469860388,3.296891058308522
59.8,A,1.4231089416914662,0.5437975301396107
59.9,A,6.934997275331675,3.264323765883611
59.9,A,1.3856762341163773,0.5850027246683238
60.0,A,6.930866917489118,3.167408622811352
60.0,A,1.4125913771886367,0.5891330825108803
60.1,A,7.092711741122888,2.957670523797015
60.1,A,1.5523294762029736,0.4272882588771109
60.2,A,7.1054263369134185,2.8392281198707523
60.2,A,1.6007718801292365,0.41457366308657956
60.3,A,7.016520819691926,2.8867220201133827
60.3,A,1.4832779798866063,0.5034791803080729
60.4,A,7.013900079600575,2.83067786298058
60.4,A,1.4693221370194092,0.5060999203994239
60.5,A,7.033066111184656,2.6960119619106373
60.5,A,1.533988038089352,0.4869338888153431
60.6,A,6.924665038872394,2.730763637560184
60.6,A,1.4292363624398057,0.5953349611276043
60.7,A,7.024651325425325,2.6080599227650842
60.7,A,1.4819400772349056,0.49534867457467363
60.8,A,7.041204618582235,2.5130376849416485
60.8,A,1.5069623150583409,0.4787953814177638
60.9,A,6.959910281992165,2.476932278178116
60.9,A,1.4730677218218742,0.5600897180078337
61.0,A,6.955824442752637,2.440278019037243
61.0,A,1.4397219809627473,0.5641755572473613
61.1,A,7.092243524471117,2.3197175616685297
61.1,A,1.4902824383314608,0.4277564755288813
61.2,A,6.983460871543358,2.3374957595628914
61.2,A,1.4025042404370995,0.5365391284566398
61.3,A,7.003773142911653,2.173030977469229
61.3,A,1.4969690225307617,0.5162268570883448
61.4,A,7.083300123265353,2.0776240974505806
61.4,A,1.5223759025494104,0.4366998767346456
61.5,A,7.056786562336386,2.0176325270732156
61.5,A,1.5123674729267753,0.46321343766361267
61.6,A,7.0075533046242455,2.020497911095124
61.6,A,1.4395020889048669,0.5124466953757529
61.7,A,6.904891700548641,1.983519181913904
61.7,A,1.4764808180860869,0.545108299451357
61.8,A,6.933661740956677,1.920492625131961
61.8,A,1.53950737486803,0.4463382590433208
61.9,A,6.842665659510509,1.9896014142613103
61.9,A,1.4703985857386805,0.46733434048948874
62.0,A,6.732547970975067,1.956968811993138
62.0,A,1.5030311880068528,0.5074520290249306
62.1,A,6.663865455640273,2.015460689601346
62.1,A,1.444539310398645,0.5061345443597236
62.2,A,6.608693130949196,2.037605859054481
62.2,A,1.4223941409455099,0.4913068690508011
62.3,A,6.505668518599032,2.0125763597594823
62.3,A,1.4474236402405087,0.524331481400965
62.4,A,6.464777892497323,2.0356008661397396
62.4,A,1.4243991338602513,0.49522210750267326
62.5,A,6.3295302355295116,2.0184570356202456
62.5,A,1.441542964379745,0.5604697644704845
62.6,A,6.332387899275189,2.0159811287897855
62.6,A,1.4440188712102053,0.4876121007248063
62.7,A,6.234126668664811,1.9702043408628862
62.7,A,1.4897956591371047,0.5158733313351843
62.8,A,6.118785643211309,2.0445463340952843
62.8,A,1.4154536659047063,0.5612143567886861
62.9,A,6.023651653973246,2.0953343131939484
62.9,A,1.3646656868060425,0.5863483460267479
63.0,A,6.021900023442267,2.028614634676666
63.0,A,1.4313853653233248,0.5180999765577275
63.1,A,5.982911280611501,1.9347220073726006
63.1,A,1.5252779926273903,0.48708871938849385
63.2,A,5.83124510506809,1.9969318847838333
63.2,A,1.4630681152161575,0.5687548949319036
63.3,A,5.890206835573661,1.904720964013865
63.3,A,1.555279035986126,0.43979316442633254
63.4,A,5.697409109520764,2.0055312590614793
63.4,A,1.4544687409385115,0.5625908904792285
63.5,A,5.768834434663648,1.9166465613991195
63.5,A,1.5433534386008714,0.421165565336345
63.6,A,5.635470098854077,1.9948754329481466
63.6,A,1.4651245670518442,0.4845299011459164
63.7,A,5.478758129531735,2.0287560699649747
63.7,A,1.4312439300350162,0.5712418704682585
63.8,A,5.446846478396645,1.9952623616480514
63.8,A,1.4647376383519395,0.5331535216033476
63.9,A,5.391335284464142,1.9786862281885431
63.9,A,1.4813137718114477,0.5186647155358507
64.0,A,5.397758471907561,1.8861387226689688
64.0,A,1.573861277331022,0.44224152809243084
64.1,A,5.170071896766494,2.0506405201026667
64.1,A,1.4093594798973241,0.5999281032334982
64.2,A,5.214573141371946,1.9742567062181597
64.2,A,1.4857432937818311,0.4854268586280454
64.3,A,5.144890066752244,1.9408279471272536
64.3,A,1.5191720528727373,0.4851099332477469
64.4,A,5.018315641899647,2.007164745548829
64.4,A,1.452835254451162,0.5416843581003443
64.5,A,4.958780666939905,1.9907806833271133
64.5,A,1.4692193166728775,0.5312193330600853
64.6,A,4.921734339583222,2.0070464027001718
64.6,A,1.452953597299819,0.498265660416768
64.7,A,4.8941528617445424,1.9147649619479334
64.7,A,1.5452350380520574,0.45584713825544737
64.8,A,4.8115965678422485,1.96100774207025
64.8,A,1.4989922579297408,0.4684034321577405
64.9,A,4.779873383604747,1.9022561493551298
64.9,A,1.557743850644861,0.43012661639524186
65.0,A,4.733759403956858,1.9897225459244239
65.0,A,1.470277454075567,0.4062405960431306
65.1,A,4.532446035973219,2.0651393795110273
65.1,A,1.3948606204889635,0.5375539640267697
65.2,A,4.502479623506046,1.9493383479919772
65.2,A,1.5106616520080136,0.4975203764939429
65.3,A,4.442208592393564,1.9316318718081458
65.3,A,1.528368128191845,0.4877914076064241
65.4,A,4.198322485279716,2.065228780483003
65.4,A,1.3947712195169877,0.6616775147202717
65.5,A,4.226609243752519,2.0290467708969757
65.5,A,1.430953229103015,0.5633907562474681
65.6,A,4.196776601548912,2.007225492408908
65.6,A,1.4527745075910827,0.5232233984510752
65.7,A,4.086348879793817,2.0007276166495123
65.7,A,1.4592723833504786,0.5636511202061701
65.8,A,4.105919056622132,1.926356592465187
65.8,A,1.5336434075348038,0.474080943377855
65.9,A,4.003585026250112,1.991473865420527
65.9,A,1.4685261345794638,0.5064149737498749
66.0,A,3.9721549830774223,1.9592263799172562
66.0,A,1.5007736200827346,0.46784501692256436
66.1,A,3.8804316817592577,1.9889916265285685
66.1,A,1.4710083734714223,0.48956831824072883
66.2,A,3.793308908528833,1.976097626591707
66.2,A,1.483902373408284,0.5066910914711537
66.3,A,3.7840084514627326,1.939793313418505
66.3,A,1.5202066865814858,0.4459915485372546
66.4,A,3.652472793632491,1.9985151408991333
66.4,A,1.4614848591008576,0.507527206367496
66.5,A,3.5515645013520705,1.9235256028133805
66.5,A,1.5364743971866104,0.5384354986479168
66.6,A,3.557061483296004,1.9226072001310301
66.6,A,1.5373927998689607,0.46293851670398367
66.7,A,3.4428564095735394,2.0331053660628684
66.7,A,1.4268946339371225,0.507143590426448
66.8,A,3.354957432186261,1.985354901528949
66.8,A,1.474645098471042,0.5250425678137267
66.9,A,3.2927559142621887,1.9445323028476948
66.9,A,1.515467697152296,0.5172440857377995
67.0,A,3.219631238603741,1.9603657448272853
67.0,A,1.4996342551727055,0.5203687613962473
67.1,A,3.238810743765405,1.9794212660675026
67.1,A,1.480578733932488,0.43118925623458354
67.2,A,3.126099554714694,2.0116352823263903
67.2,A,1.4483647176736008,0.473900445285294
67.3,A,3.040209074413115,1.9228984290493516
67.3,A,1.5371015709506393,0.48979092558687337
67.4,A,2.9876517628130115,1.9908863935693493
67.4,A,1.4691136064306416,0.4723482371869776
67.5,A,2.9643485629895303,2.0247725786974806
67.5,A,1.50522742130251,0.4956514370104583
67.6,A,2.9273458115959343,2.1819154633798616
67.6,A,1.4180845366201291,0.5326541884040545
67.7,A,2.86244933083009,2.236440827354368
67.7,A,1.4335591726456227,0.5975506691698993
67.8,A,2.9019332010103334,2.3262546225352807
67.8,A,1.4137453774647097,0.5580667989896554
67.9,A,2.9073420418659994,2.3342970339112266
67.9,A,1.475702966088764,0.5526579581339894
68.0,A,2.9494079387135343,2.3731662948470253
68.0,A,1.5068337051529648,0.5105920612864541
68.1,A,3.024184733468699,2.4314744370367403
68.1,A,1.51852556296325,0.43581526653128955
68.2,A,2.9288005179109713,2.5951327746286847
68.2,A,1.424867225371305,0.5311994820890177
68.3,A,2.9399527645179826,2.594096381786822
68.3,A,1.4959036182131675,0.5200472354820062
68.4,A,2.9696124867663487,2.646520006148461
68.4,A,1.5134799938515284,0.4903875132336398
68.5,A,2.9747392784735105,2.6961955728072993
68.5,A,1.53380442719269,0.485260721526478
68.6,A,2.947207560426835,2.858978055265965
68.6,A,1.4410219447340242,0.5127924395731538
68.7,A,3.035261454634677,2.871471628762164
68.7,A,1.4985283712378246,0.42473854536531175
68.8,A,2.9191153733171578,2.9339806880714705
68.8,A,1.5060193119285181,0.5408846266828312
68.9,A,2.9707905117924245,3.012250160367407
68.9,A,1.4977498396325817,0.48920948820756405
69.0,A,2.9651480734217817,3.083689992069953
69.0,A,1.4963100079300353,0.49485192657820726
69.1,A,2.912737051166035,3.2202771684382783
69.1,A,1.4297228315617103,0.5472629488339538
69.2,A,3.0691269845826104,3.182585003208184
69.2,A,1.5374149967918043,0.39087301541737873
69.3,A,2.857188910755145,3.420772324976436
69.3,A,1.3692276750235521,0.602811089244844
69.4,A,3.0276407009441235,3.30361494882017
69.4,A,1.5563850511798178,0.43235929905586534
69.5,A,2.96778166761452,3.472805809325904
69.5,A,1.4571941906740833,0.4922183323854687
69.6,A,2.9370690101241625,3.508529075520882
69.6,A,1.4914709244791056,0.5229309898758262
69.7,A,3.0709710365860845,3.560448707871448
69.7,A,1.5095512921285392,0.38902896341390414
69.8,A,2.9566301730971256,3.6508127752622945
69.8,A,1.4891872247376927,0.5033698269028636
69.9,A,2.9550652239893123,3.7015071141178613
69.9,A,1.5084928858821258,0.5049347760106764
70.0,A,2.932363947249682,3.8471415909471407
70.0,A,1.4328584090528464,0.5276360527503067
70.1,A,2.94900786367668,3.898480110700329
70.1,A,1.4515198892996581,0.5109921363233089
70.2,A,2.9337260989826315,3.969619587896998
70.2,A,1.450380412102989,0.5262739010173573
70.3,A,3.038549035330422,3.956687166899024
70.3,A,1.5333128331009622,0.42145096466956705
70.4,A,3.00799785945451,4.06125561077483
70.4,A,1.4987443892251562,0.45200214054547927
70.5,A,2.9197607753974824,4.1310657063434135
70.5,A,1.498934293656574,0.5402392246025065
70.6,A,2.9619355343333207,4.238368344283786
70.6,A,1.4616316557162015,0.49806446566666823
70.7,A,3.0159234637644046,4.232668470181402
70.7,A,1.5373315298185857,0.444076536235584
70.8,A,2.959653895423106,4.423062399070608
70.8,A,1.4169376009293793,0.5003461045768829
70.9,A,3.002880878048479,4.4160143791282085
70.9,A,1.4939856208717799,0.4571191219515097
71.0,A,2.8762737471076947,4.5599586236754694
71.0,A,1.4200413763245199,0.5837262528922941
71.1,A,2.934246607932346,4.625433244478995
71.1,A,1.4245667555209929,0.5257533920676424
71.2,A,2.9559616498763135,4.590940848637147
71.2,A,1.529059151362842,0.5040383501236755
71.3,A,2.932080245182745,4.713356386792822
71.3,A,1.4766436132071672,0.5279197548172441
71.4,A,3.101283700741255,4.682558288304352
71.4,A,1.5774417116956372,0.35871629925873394
71.5,A,2.908408516878958,4.8299651265347965
71.5,A,1.500034873465193,0.5515914831210307
71.6,A,2.993375707497757,4.881776199493015
71.6,A,1.5182238005069748,0.46662429250223175
71.7,A,2.904698652592315,5.046819312682348
71.7,A,1.4231806873176425,0.5553013474076737
71.8,A,2.9474820861499307,5.040441419058891
71.8,A,1.4995585809410998,0.512517913850058
71.9,A,2.8977475909788026,5.1749250550735315
71.9,A,1.4350749449264593,0.5622524090211861
72.0,A,2.9273579829872274,5.22159705146167
72.0,A,1.4584029485383219,0.5326420170127613
72.1,A,2.884633312505152,5.294566084919425
72.1,A,1.4554339150805673,0.5753666874948369
72.2,A,3.0517823881441775,5.266084693541362
72.2,A,1.5539153064586297,0.4082176118558115
72.3,A,2.9829757995265065,5.403375249564933
72.3,A,1.4866247504350592,0.47702420047348265
72.4,A,2.9634655159987564,5.4395361265009665
72.4,A,1.5204638734990261,0.4965344840012322
72.5,A,2.9180452628508053,5.525385990371863
72.5,A,1.5046140096281304,0.5419547371491834
72.6,A,2.8939412110954907,5.674941865805973
72.6,A,1.42505813419402,0.5660587889044982
72.7,A,2.993860975085775,5.704654321037895
72.7,A,1.4653456789620993,0.466139024914214
72.8,A,2.949719690826118,5.752570898383125
72.8,A,1.4874291016168693,0.5102803091738708
72.9,A,2.926029358740291,5.8302891559831425
72.9,A,1.4797108440168516,0.5339706412596975
73.0,A,3.0144556736864168,5.883812200297989
73.0,A,1.4961877997020059,0.4455443263135722
73.1,A,3.0659039335684732,5.905336961035522
73.1,A,1.5446630389644724,0.39409606643151557
73.2,A,2.907422118777564,6.115796088285878
73.2,A,1.4042039117141167,0.5525778812224245
73.3,A,3.024088060247401,6.0282688882398014
73.3,A,1.4917311117601928,0.5059119397525876
73.4,A,3.0836508969989955,6.016044206583208
73.4,A,1.5039557934167866,0.5163491030009929
73.5,A,3.254196644846169,6.023746942325446
73.5,A,1.496253057674548,0.41580335515381905
73.6,A,3.3025400486274403,6.011009965726499
73.6,A,1.5089900342734952,0.4374599513725479
73.7,A,3.315464116792281,6.072190701530707
73.7,A,1.4478092984692876,0.49453588320770675
73.8,A,3.329685083894512,6.044994688652012
73.8,A,1.4750053113479833,0.550314916105476
73.9,A,3.4226027502709115,6.033316641840969
73.9,A,1.4866833581590257,0.5273972497290759
74.0,A,3.5319119629433,5.985592462265076
74.0,A,1.5344075377349191,0.4880880370566877
74.1,A,3.648000563475373,6.008371330875638
74.1,A,1.511628669124357,0.441999436524614
74.2,A,3.6770774600137766,6.038190937359377
74.2,A,1.4818090626406182,0.48292253998621065
74.3,A,3.656470889889146,6.0778936697365245
74.3,A,1.4421063302634705,0.5735291101108407
74.4,A,3.7637935851738105,6.027912540131882
74.4,A,1.492087459868113,0.5362064148261765
74.5,A,3.8341230162558806,6.09778006329302
74.5,A,1.4222199367069746,0.5358769837441063
74.6,A,4.04276337961186,5.940798188835591
74.6,A,1.5792018111644037,0.39723662038812624
74.7,A,4.077838925829838,5.998432509783041
74.7,A,1.5215674902169536,0.43216107417014804
74.8,A,4.134261440057646,6.003085091042815
74.8,A,1.5169149089571805,0.44573855994234046
74.9,A,4.169678409965549,6.039957039490661
74.9,A,1.4800429605093348,0.4803215900344381
75.0,A,4.3068301059883805,6.002839784109426
75.0,A,1.5171602158905682,0.4131698940116067
75.1,A,4.374092177240422,5.985497643736764
75.1,A,1.5345023562632307,0.41590782275956506
75.2,A,4.295856840026411,6.0650098822497265
75.2,A,1.454990117750268,0.5641431599735768
75.3,A,4.396533236321466,6.041965554906587
75.3,A,1.4780344450934082,0.5334667636785219
75.4,A,4.56637874052276,6.011615845306295
75.4,A,1.5083841546936998,0.4336212594772289
75.5,A,4.506401913769413,6.1806085053296576
75.5,A,1.339391494670337,0.5635980862305752
75.6,A,4.668456068494499,6.043244487316641
75.6,A,1.4767555126833534,0.4715439315054901
75.7,A,4.677915311215323,6.044956544999274
75.7,A,1.4750434550007208,0.5320846887846656
75.8,A,4.775115528278116,6.033620885371899
75.8,A,1.4863791146280956,0.5048844717218735
75.9,A,4.867951016915753,6.030528385236125
75.9,A,1.4894716147638687,0.48204898308423694
76.0,A,4.892871113263463,6.037383691151658
76.0,A,1.4826163088483373,0.5271288867365267
76.1,A,5.0728599289231076,5.981436158852781
76.1,A,1.5385638411472136,0.4171400710768823
76.2,A,5.170270551156134,5.956608898194638
76.2,A,1.5633911018053572,0.3897294488438562
76.3,A,5.12338414308839,6.105473030655101
76.3,A,1.4145269693448939,0.506615856911601
76.4,A,5.143558572205995,6.072205564246001
76.4,A,1.4477944357539931,0.5564414277939963
76.5,A,5.243479233972826,6.039419351844028
76.5,A,1.4805806481559667,0.5265207660271664
76.6,A,5.279631072035632,5.997509174149864
76.6,A,1.5224908258501302,0.5603689279643594
76.7,A,5.35038468714531,6.057741223142177
76.7,A,1.4622587768578175,0.5596153128546824
76.8,A,5.462036063425481,6.061443681771875
76.8,A,1.4585563182281198,0.5179639365745113
76.9,A,5.554170114491516,6.000814433537251
76.9,A,1.5191855664627443,0.49582988550847645
77.0,A,5.65040931913427,5.9971795166730315
77.0,A,1.5228204833269632,0.4695906808657238
77.1,A,5.696713230492676,5.999196148569661
77.1,A,1.5208038514303335,0.493286769507317
77.2,A,5.792491452566703,6.006827708890493
77.2,A,1.513172291109501,0.46750854743328984
77.3,A,5.783894783319871,6.063287733657887
77.3,A,1.4567122663421075,0.5461052166801226
77.4,A,5.803919728898927,6.0985592667051405
77.4,A,1.4214407332948544,0.5960802711010678
77.5,A,5.922064823515567,6.104958764665789
77.5,A,1.4150412353342054,0.5479351764844277
77.6,A,6.091660982333338,6.0930510202806145
77.6,A,1.4269489797193804,0.44833901766665646
77.7,A,5.975341064480437,6.011563322220274
77.7,A,1.4384366777797202,0.5646589355195578
77.8,A,5.984662297725734,5.948132613009026
77.8,A,1.4318673869909682,0.5553377022742599
77.9,A,6.114390122383182,5.7780124574618315
77.9,A,1.5319875425381624,0.425609877616812
78.0,A,6.054166811328964,5.7720065484916026
78.0,A,1.4679934515083908,0.4858331886710308
78.1,A,5.984839548335143,5.779569275138301
78.1,A,1.3904307248616927,0.5551604516648525
78.2,A,6.123349520313379,5.555409798896296
78.2,A,1.5445902011036972,0.4166504796866154
78.3,A,6.035596656044006,5.566517925735449
78.3,A,1.4634820742645434,0.5044033439559881
78.4,A,6.0730277344649055,5.493784531142482
78.4,A,1.4662154688575109,0.4669722655350894
78.5,A,6.152012439600357,5.332362057809979
78.5,A,1.5576379421900135,0.38798756039963744
78.6,A,6.053568858457647,5.370553835563266
78.6,A,1.4494461644367258,0.48643114154234773
78.7,A,5.987483664057641,5.295435253229521
78.7,A,1.4545647467704705,0.5525163359423536
78.8,A,6.049810650263371,5.174449433255031
78.8,A,1.5055505667449598,0.4901893497366233
78.9,A,6.066518462898826,5.080095251811595
78.9,A,1.5299047481883956,0.4734815371011686
79.0,A,6.060023317549393,5.051405583297021
79.0,A,1.4885944167029692,0.4799766824506008
79.1,A,6.026642820406368,5.035706498145792
79.1,A,1.4342935018541978,0.5133571795936273
79.2,A,6.098708103802911,4.880403564712255
79.2,A,1.5195964352877356,0.44129189619708314
79.3,A,5.960946784192026,4.969505900201766
79.3,A,1.3604940997982229,0.5790532158079686
79.4,A,6.11392681440677,4.76975928018786
79.4,A,1.490240719812129,0.42607318559322466
79.5,A,6.0327700378689295,4.687388868090365
79.5,A,1.5026111319096234,0.5072299621310649
79.6,A,6.019528424847453,4.670920169435214
79.6,A,1.4490798305647754,0.5204715751525408
79.7,A,5.937799943559253,4.626097542421999
79.7,A,1.42390245757799,0.6022000564407415
79.8,A,6.077910001308428,4.451755862593755
79.8,A,1.528244137406233,0.46208999869156653
79.9,A,6.000238813977059,4.5197938960687205
79.9,A,1.390206103931268,0.5397611860229355
80.0,A,6.082779806338061,4.3517883135821736
80.0,A,1.4882116864178137,0.45722019366193406
80.1,A,6.032473173496326,4.242460418356677
80.1,A,1.5275395816433108,0.5075268265036679
80.2,A,6.114472212734308,4.232019706423678
80.2,A,1.4679802935763095,0.4255277872656872
80.3,A,6.03190076309243,4.150189330660414
80.3,A,1.479810669339573,0.5080992369075644
80.4,A,6.081392205190349,4.065734733979763
80.4,A,1.4942652660202231,0.4586077948096454
80.5,A,6.078888532923617,4.067786272522724
80.5,A,1.4222137274772617,0.4611114670763769
80.6,A,6.060908229434273,3.9193625602639326
80.6,A,1.5006374397360542,0.4790917705657216
80.7,A,6.017512016278745,3.9235709385914794
80.7,A,1.4264290614085073,0.5224879837212497
80.8,A,6.144674599837934,3.6951074989107586
80.8,A,1.5848925010892287,0.3953254001620605
80.9,A,6.039185868543641,3.762315955688151
80.9,A,1.4476840443118364,0.5008141314563533
81.0,A,6.0770327684694,3.586239068464328
81.0,A,1.5537609315356595,0.4629672315305952
81.1,A,6.067281755464926,3.646519366244411
81.1,A,1.4234806337555763,0.47271824453506933
81.2,A,6.01385816101415,3.5793603565102274
81.2,A,1.4206396434897601,0.5261418389858443
81.3,A,5.986838000913263,3.4560970096426433
81.3,A,1.473902990357344,0.5531619990867321
81.4,A,6.025010138976768,3.3946859414846906
81.4,A,1.465314058515297,0.5149898610232274
81.5,A,6.07414829000989,3.268037707697213
81.5,A,1.5219622923027754,0.46585170999010445
81.6,A,6.0458668586319355,3.2210554733153085
81.6,A,1.4989445266846797,0.4941331413680592
81.7,A,6.033010984770613,3.2025932719728516
81.7,A,1.447406728027137,0.5069890152293821
81.8,A,6.008249470101325,3.0542058325422627
81.8,A,1.525794167457726,0.5317505298986697
81.9,A,5.982280469881697,3.071342959497366
81.9,A,1.4386570405026224,0.5577195301182976
82.0,A,6.023656704593204,3.0217163182214724
82.0,A,1.418283681778516,0.5163432954067906
82.1,A,5.995626333107349,2.863638028227582
82.1,A,1.5763619717724073,0.4743736668926455
82.2,A,5.896302953262674,2.995702439021263
82.2,A,1.444297560978726,0.5036970467373203
82.3,A,5.8474541460038125,2.9386795161088055
82.3,A,1.5013204838911836,0.4825458539961806
82.4,A,5.767783918235998,2.9334578751179046
82.4,A,1.5065421248820838,0.49221608176399545
82.5,A,5.722402728360503,2.8925087572872332
82.5,A,1.5474912427127558,0.4675972716394894
82.6,A,5.693630180042932,2.908766404457758
82.6,A,1.5312335955422314,0.42636981995706114
82.7,A,5.560438757636232,2.9808770061030723
82.7,A,1.4591229938969164,0.4895612423637605
82.8,A,5.466447194530547,2.9806696642726207
82.8,A,1.459330335727368,0.5135528054694458
82.9,A,5.371861526561694,3.0007455786562898
82.9,A,1.4392544213436989,0.5381384734382981
83.0,A,5.376239498887186,2.985841396504025
83.0,A,1.454158603495964,0.46376050111280576
83.1,A,5.285047124737025,2.9885309846434867
83.1,A,1.4514690153565024,0.484952875262967
83.2,A,5.164558802483385,2.953311415255319
83.2,A,1.4866885847446698,0.5354411975166063
83.3,A,5.162135907666172,2.9426354481118824
83.3,A,1.4973645518881067,0.4678640923338194
83.4,A,5.051122950316066,2.9224537662927914
83.4,A,1.5175462337071974,0.5088770496839246
83.5,A,4.9409249903686305,2.9998448988848305
83.5,A,1.4401551011151585,0.5490750096313592
83.6,A,4.9496296137010445,3.029596612808282
83.6,A,1.4104033871917068,0.4703703862989455
83.7,A,4.837934317764653,2.9597225874441238
83.7,A,1.4802774125558653,0.5120656822353366
83.8,A,4.84251753405552,2.917708523013119
83.8,A,1.5222914769868698,0.4374824659444699
83.9,A,4.654768147072267,2.965137338555838
83.9,A,1.4748626614441507,0.5552318529277226
84.0,A,4.655075230946282,2.9867526798108543
84.0,A,1.4532473201891345,0.48492476905370757
84.1,A,4.678616571992474,2.9403830003675457
84.1,A,1.4996169996324433,0.3913834280075151
84.2,A,4.465909374844441,3.061843471142375
84.2,A,1.3781565288576139,0.5340906251555473
84.3,A,4.463870734745805,2.898389855013332
84.3,A,1.541610144986657,0.4661292652541832
84.4,A,4.409517284795431,2.977497167386457
84.4,A,1.4625028326135312,0.4504827152045564
84.5,A,4.361026912714002,2.8815794279404097
84.5,A,1.5584205720595792,0.42897308728598593
84.6,A,4.171492205196146,2.98455140956599
84.6,A,1.4554485904339987,0.5485077948038419
84.7,A,4.247863396539639,2.8630728576550872
84.7,A,1.5769271423449018,0.4021366034603485
84.8,A,4.1291769768825555,2.9596804836600237
84.8,A,1.4803195163399654,0.4508230231174309
84.9,A,3.9311020548385835,2.9807421675573216
84.9,A,1.4592578324426673,0.5788979451614025
85.0,A,3.914648048728103,2.9559414598021982
85.0,A,1.4840585401977908,0.5253519512718836
